{
  "hash": "3a3a8e96",
  "configHash": "55995279",
  "lockfileHash": "1fe3379b",
  "browserHash": "fe1bd487",
  "optimized": {
    "@angular/common": {
      "src": "../../../../../node_modules/@angular/common/fesm2022/common.mjs",
      "file": "@angular_common.js",
      "fileHash": "7f5294b1",
      "needsInterop": false
    },
    "@angular/common/http": {
      "src": "../../../../../node_modules/@angular/common/fesm2022/http.mjs",
      "file": "@angular_common_http.js",
      "fileHash": "998a0fe4",
      "needsInterop": false
    },
    "@angular/core": {
      "src": "../../../../../node_modules/@angular/core/fesm2022/core.mjs",
      "file": "@angular_core.js",
      "fileHash": "73a20c9c",
      "needsInterop": false
    },
    "@angular/forms": {
      "src": "../../../../../node_modules/@angular/forms/fesm2022/forms.mjs",
      "file": "@angular_forms.js",
      "fileHash": "603ba841",
      "needsInterop": false
    },
    "@angular/platform-browser": {
      "src": "../../../../../node_modules/@angular/platform-browser/fesm2022/platform-browser.mjs",
      "file": "@angular_platform-browser.js",
      "fileHash": "365def77",
      "needsInterop": false
    },
    "@angular/router": {
      "src": "../../../../../node_modules/@angular/router/fesm2022/router.mjs",
      "file": "@angular_router.js",
      "fileHash": "c9bad40f",
      "needsInterop": false
    },
    "jspdf": {
      "src": "../../../../../node_modules/jspdf/dist/jspdf.es.min.js",
      "file": "jspdf.js",
      "fileHash": "3ed27ac7",
      "needsInterop": false
    }
  },
  "chunks": {
    "purify.es-VBUKOP72": {
      "file": "purify__es-VBUKOP72.js"
    },
    "index.es-NL55HA2J": {
      "file": "index__es-NL55HA2J.js"
    },
    "chunk-NBFODSND": {
      "file": "chunk-NBFODSND.js"
    },
    "chunk-DSZLJLXK": {
      "file": "chunk-DSZLJLXK.js"
    },
    "chunk-HP7XHQF5": {
      "file": "chunk-HP7XHQF5.js"
    },
    "chunk-UMXKHIZH": {
      "file": "chunk-UMXKHIZH.js"
    },
    "chunk-TA6WIH74": {
      "file": "chunk-TA6WIH74.js"
    },
    "html2canvas.esm-SNO5JG77": {
      "file": "html2canvas__esm-SNO5JG77.js"
    },
    "chunk-ASLTLD6L": {
      "file": "chunk-ASLTLD6L.js"
    }
  }
}